"typ_model","typ_punktu_osadniczego"
"agentura pocztowa","Agentura pocztowa"
"arcyksięstwo","nie dotyczy"
"awuls","Awuls"
"bagna","nie dotyczy"
"bagna torfiste","nie dotyczy"
"bagnisko","nie dotyczy"
"bagno","nie dotyczy"
"bagno torfiaste","nie dotyczy"
"baraki","Baraki"
"bińduga","Port czyli binduga"
"błota","nie dotyczy"
"błotko","nie dotyczy"
"błoto","nie dotyczy"
"borek","nie dotyczy"
"bór","nie dotyczy"
"bory","nie dotyczy"
"bród","nie dotyczy"
"browar","Browar"
"buda","Budy"
"budy","Budy"
"cegielnia","Cegielnia"
"chata","Chaty"
"chata rządowa","Chaty"
"chaty","Chaty"
"chutór","Chutor"
"chutor","Chutor"
"chutor szlachecki","Chutor"
"chutory","Chutor"
"cieplica","nieokreślony"
"cieśnina","nie dotyczy"
"cmentarz","nie dotyczy"
"cmentarzysko","nie dotyczy"
"cmentarzysko przedhistoryczne","nie dotyczy"
"cukrownia","Cukrownia"
"cypel","nie dotyczy"
"część arcyksięstwa","nie dotyczy"
"część brzegów","nie dotyczy"
"część brzegów rzeki","nie dotyczy"
"część danej miejscowości (wsi, miasta)","Część danej miejscowości (wsi, miasta)"
"część dóbr","Dobra"
"część doliny","nie dotyczy"
"część gminy","nie dotyczy"
"część jeziora","nie dotyczy"
"część Karpat","nie dotyczy"
"część kolonii","Część danej miejscowości (wsi, miasta)"
"część kraju","nie dotyczy"
"część lasu","nie dotyczy"
"część liniowa","nieokreślony"
"część miasta","Część danej miejscowości (wsi, miasta)"
"część miasteczka","Część danej miejscowości (wsi, miasta)"
"część miejscowości","Część danej miejscowości (wsi, miasta)"
"część miejscowości","Część danej miejscowości (wsi, miasta)"
"część nizinna","nie dotyczy"
"część obszaru dworskiego","Obszar dworski"
"część obszaru gruntów","nieokreślony"
"część obszaru","nieokreślony"
"część obszaru tabularnego","nieokreślony"
"część okolicy","Część danej miejscowości (wsi, miasta)"
"część płaskowzgórza","nie dotyczy"
"część powiatu","nieokreślony"
"część przedmieścia","Część danej miejscowości (wsi, miasta)"
"część rowu","nie dotyczy"
"część wioski","Część danej miejscowości (wsi, miasta)"
"część włości","nieokreślony"
"część wsi","Część danej miejscowości (wsi, miasta)"
"część wybrzeża","nie dotyczy"
"część zabudowań","Część danej miejscowości (wsi, miasta)"
"część zamku","Część danej miejscowości (wsi, miasta)"
"część zwierzyńca","nie dotyczy"
"czubek","nie dotyczy"
"czubek pasma górzystego","nie dotyczy"
"dąbrowa","nie dotyczy"
"dawne przezwisko","nie dotyczy"
"debra","Dobra"
"demesne","Posiadłość"
"dezerta","Pustka"
"diecezja","nieokreślony"
"dobra brackie","Dobra"
"dobra chełmińskie","nieokreślony"
"dobra","Dobra"
"dobra domin.","Dobra prywatne"
"dobra dominialne","Dobra prywatne"
"dobra donacyjne","Dobra prywatne"
"dobra dziedziczne","Dobra prywatne"
"dobra emtiteutyczne","nieokreślony"
"dobra koronne","Dobra koronne"
"dobra koronowe","Dobra koronne"
"dobra królewska","Dobra koronne"
"dobra królewskie","Dobra koronne"
"dobra lenne","Dobra lenne"
"dobra nadrzędne","Dobra"
"dobra narodowe","Dobra"
"dobra poduchowne","Dobra pokościelne"
"dobra pojezuickie","Dobra pojezuickie"
"dobra pryw","Dobra prywatne"
"dobra pryw.","Dobra prywatne"
"dobra prywatna","Dobra prywatne"
"dobra prywatne","Dobra prywatne"
"dobra rycerska","Dobra rycerskie"
"dobra rycerskie","Dobra rycerskie"
"dobra rząd","Dobra skarbowe"
"dobra rząd.","Dobra skarbowe"
"dobra rządowa","Dobra skarbowe"
"dobra rzadowe","Dobra skarbowe"
"dobra rządowe","Dobra skarbowe"
"dobra skarb","Dobra skarbowe"
"dobra skarb.","Dobra skarbowe"
"dobra skarbowa","Dobra skarbowe"
"dobra skarbowe","Dobra skarbowe"
"dobra sołeckie","Dobra"
"dobra stadninowe","nieokreślony"
"królewskie dobra stołowe","Dobra koronne"
"dobra szlach.","Dobra szlacheckie"
"dobra szlachecka","Dobra szlacheckie"
"dobra szlacheckie","Dobra szlacheckie"
"dobra tabularne","nieokreślony"
"dobra wielkie","nieokreślony"
"dobra włości","Dobra prywatne"
"dobra włościańskie","Dobra prywatne"
"dobra ziem.","Dobra"
"dobra ziemska","Dobra"
"dobra ziemskie","Dobra"
"dochód kościelny","nie dotyczy"
"dolina górska","nie dotyczy"
"dolina","nie dotyczy"
"dolinka","nie dotyczy"
"dom borowy","Dom borowy"
"dom","Chaty"
"domena","Dominium"
"domena fiskalna","Dominium"
"domena królewska","Domena królewska"
"domena książęca","Dominium"
"domena rząd","nieokreślony"
"domena rząd.","nieokreślony"
"domena rządowa","nieokreślony"
"domena skarbowa","nieokreślony"
"domin","Dominium"
"domin.","Dominium"
"dominium (dom.)","Dominium"
"dominium","Dominium"
"dominium dworskie","Domena królewska"
"dominium leśne","nieokreślony"
"dominjum","Dominium"
"dom leśniczy","nieokreślony"
"dom leśnika","nieokreślony"
"dom leśny","nieokreślony"
"dom myśliwski","Dom myśliwski"
"domostwo","Chaty"
"dom szosowy","Dom szosowy"
"domy","Chaty"
"dom zajezdny","Dom zajezdny"
"donacja","nieokreślony"
"donacya rządowa","nieokreślony"
"dopłówek","nie dotyczy"
"dopływ jeziora","nie dotyczy"
"dopływ","nie dotyczy"
"dopływ potoku","nie dotyczy"
"dopływy","nie dotyczy"
"droga","nie dotyczy"
"droga żelazna","nie dotyczy"
"dwie wsie","Wieś"
"dwór","Dwór"
"dworek","Dwór"
"dwór prywatny","Dwór"
"dwór rząd","Dwór rządowy"
"dwór rządowy","Dwór rządowy"
"dwór szlachecki","Dwór"
"dwory","Dwór"
"dwór zaściankowy","Dwór"
"dworzec","nieokreślony"
"dworzec kolei żelaznej","Przystanek drogi żelaznej ?"
"dworzec kolejowy","Przystanek drogi żelaznej ?"
"dworzysko","Dworzysko"
"dworzyszcze","Dworzysko"
"dystylarnia","nieokreślony"
"dział","nie dotyczy"
"dział górski","nie dotyczy"
"dział górzysty","nie dotyczy"
"dział lasu","nie dotyczy"
"dział lesisty","nie dotyczy"
"dział skalisty","nie dotyczy"
"dzielnica","nieokreślony"
"dzielnica miasta","nieokreślony"
"dzierżawa","nieokreślony"
"dzierżawa królewska","Dzierżawa królewska"
"enklawa","nieokreślony"
"etat pocztowy","nieokreślony"
"etniczna","nie dotyczy"
"fabryka","nieokreślony"
"fabryka papieru","nieokreślony"
"fabryka terpentyny","Fabryka (terpentyny) "
"fabryka żelaza","nieokreślony"
"ferma","Ferma (rządowa, skarbowa)"
"ferma rządowa","Ferma (rządowa, skarbowa)"
"folusz","nieokreślony"
"folwark fiskalny","Folwark fiskalny"
"folwark","Folwark"
"folwark lenny","Folwark"
"folwark majoratny","Folwark"
"folwark miejski","Folwark"
"folwark poduchowny","Folwark proboszczowski ?"
"folwark probostwa","Folwark proboszczowski"
"folwark proboszczowski","Folwark proboszczowski"
"folwark prywatny","Folwark: prywatny, rządowy, majorat"
"folwark rządowy","Folwark: prywatny, rządowy, majorat"
"folwark szlachecki","Folwark: prywatny, rządowy, majorat"
"folwark włościański","Folwark: prywatny, rządowy, majorat"
"formacja geograficzna","nie dotyczy"
"fort","Forteca"
"forteca","Forteca"
"forteczka","Forteca"
"fryszerka","Fryszerka"
"futor","Futor (hutor, chutor)"
"futor kościelny","Futor (hutor, chutor) ?"
"futor prywatny","Futor (hutor, chutor)"
"futor szlachecki","Futor szlachecki"
"futory","Futor (hutor, chutor)"
"futor żydowski","Futor żydowski"
"gaj","nie dotyczy"
"gajówka","Gajówka"
"garb","nie dotyczy"
"garbarnia","nieokreślony"
"gisernia","nieokreślony"
"głaz","nie dotyczy"
"gmina dominialna","Gmina"
"gmina","Gmina"
"gmina wiejska","nieokreślony"
"gmina zamkowa","Gmina"
"gm. wiejska","Gmina"
"gniazdo górskie","nie dotyczy"
"godło","nie dotyczy"
"góra","nie dotyczy"
"górski","nie dotyczy"
"góry","nie dotyczy"
"gorzelnia","Gorzelnia"
"gościniec","nie dotyczy"
"gospoda","Karczma ?"
"grań","nie dotyczy"
"grupa domów","Grupa (lub grupy) domów"
"grupa zabudowań","Grupa (lub grupy) domów"
"grobla","nie dotyczy"
"gródek","Grodzisko"
"gród","Grodzisko"
"grodzisko","Grodzisko"
"gromada","Gromada zabudowań ?"
"grota","nie dotyczy"
"grunty","nieokreślony"
"grupa chat","Grupa chat"
"grupa chat włościańskich","Grupa chat włościańskich"
"grupa domów","Grupa (lub grupy) domów"
"grupa donów","Grupa chat"
"grupa etniczna","nie dotyczy"
"grupa etnograficzna","nieokreślony"
"grupa gór","nie dotyczy"
"grupa górska","nie dotyczy"
"grupa kurhanów","nieokreślony"
"grupa mogił","nieokreślony"
"grupa mogił i nasypów","nie dotyczy"
"grupa skał","nie dotyczy"
"grupa szczytów","nie dotyczy"
"grupa wysp","nie dotyczy"
"grupa zabudowań","Grupa zabudowań"
"grupa zabudowań wiejskich","Grupa zabudowań"
"grupy domów","Grupa zabudowań"
"grupy zabudowań","Grupa zabudowań"
"grzbiet","nie dotyczy"
"grzbiet górski","nie dotyczy"
"grzbiet lesisty","nie dotyczy"
"grzbiet skalisty","nie dotyczy"
"grzbiety górskie","nie dotyczy"
"gubernia","nie dotyczy"
"hala","nie dotyczy"
"hale góralskie","nie dotyczy"
"hamernia","Hamernia miedzi"
"hamernia żelazna","nieokreślony"
"obszar historyczno-geograficzny","nie dotyczy"
"holędry","Holendry (Holędry)"
"holendry","Holendry (Holędry)"
"horodyszcze","Grodzisko"
"hrabstwo","Hrabstwo"
"huba","nieokreślony"
"huby","nieokreślony"
"huta cynkowa","Huta cynkowa"
"huta","nieokreślony"
"huta szkła","Huta szklana"
"huta szklana","Huta szklana"
"huta szklanna","Huta szklana"
"huta wapienna","nieokreślony"
"huta żelaza","Huta żelaza"
"huta żelazna","Huta żelaza"
"hutor","Hutor"
"hutor szlachecki","Hutor"
"hutor żydowski","Hutor"
"imię","nie dotyczy"
"imię własne","nie dotyczy"
"imiona własne","nie dotyczy"
"inne","nie dotyczy"
"inny","nie dotyczy"
"jar","nie dotyczy"
"jar wodny","nie dotyczy"
"jaskinia","nie dotyczy"
"jaz","nie dotyczy"
"jednostka miary","nie dotyczy"
"jeziora","nie dotyczy"
"jeziorko","nie dotyczy"
"jezioro","nie dotyczy"
"jurydyka","Jurydyka"
"kamień graniczny","nie dotyczy"
"kanał","nie dotyczy"
"kanały","nie dotyczy"
"kąpiele","nieokreślony"
"kąpiele morskie","nieokreślony"
"kaplica","nieokreślony"
"kapliczka","nieokreślony"
"karczma dworska","Karczma"
"karczma","Karczma"
"karczma prywatna","Karczma"
"karczma rządowa","Karczma"
"karczma szlachecka","Karczma"
"karczma włośc.","Karczma"
"karczma włościańska","Karczma"
"karczowisko","nie dotyczy"
"kasztelania","nieokreślony"
"kępa","nie dotyczy"
"klasztor","Klasztor"
"kolej","nieokreślony"
"kolej żelazna","nieokreślony"
"kolonia fabryczna","Kolonia"
"kolonia holenderska","Kolonia ?"
"kolonia karczemna","Kolonia ?"
"kolonia kolejowa","Kolonia ?"
"kolonia","Kolonia"
"kolonia młłyńska","Kolonia ?"
"kolonia młynarska","Kolonia ?"
"kolonia osadnicza","Kolonia ?"
"kolonia włościańska","Kolonia"
"kolonia żydowska","Kolonia żydowska"
"kolonie","Kolonia"
"kolonie włościańskie","Kolonia ?"
"komora","Komora celna"
"komora celna","Komora celna"
"kopalnia","Kopalnia"
"kopalnia nafty","Kopalnia"
"kopalnia soli","Kopalnia ?"
"kopalnia torfu","Kopalnia"
"kopalnia węgla kamiennego","Kopalnia węgla"
"kopalnia węgla","Kopalnia"
"kopalnie węgla","Kopalnia węgla"
"kopiec graniczny","nie dotyczy"
"kopiec","nie dotyczy"
"kordon","nieokreślony"
"kordon straży pogr.","nieokreślony"
"kościół","nieokreślony"
"koszary","Koszary"
"kraina geograficzna","nie dotyczy"
"kraina","nie dotyczy"
"kraj koronny","nie dotyczy"
"kraj","nie dotyczy"
"królewska domena fiskalna","Domena fiskalna"
"królewskie nadleśnictwo","Nadleśnictwo"
"królewszczyzna","nieokreślony"
"książęca posiadłość","nieokreślony"
"księstwo","nie dotyczy"
"kurgan","nie dotyczy"
"kurhan","nie dotyczy"
"kurhany","nie dotyczy"
"kuźnia","Kuźnia"
"kuźnia wodna","Kuźnia ?"
"kuźnica","Kuźnica"
"kuźnica żelaza","Kuźnica ?"
"łacha","nie dotyczy"
"łączka","nie dotyczy"
"łąka naturalna","nie dotyczy"
"łąka","nie dotyczy"
"łąki","nie dotyczy"
"łan","nie dotyczy"
"łany kmiece","nie dotyczy"
"las albo pagórek","nie dotyczy"
"lasek","nie dotyczy"
"las","nie dotyczy"
"lasy","nie dotyczy"
"latarnia morska","nieokreślony"
"łęgi","nie dotyczy"
"leśn","Leśniczówka ?"
"leśn.","Leśniczówka ?"
"leśn. królew.","Leśniczówka ?"
"leśnictwo","Leśnictwo"
"leśnicz","Leśniczówka"
"leśniczostwo","Leśnictwo ?"
"leśniczówka królewska","Leśniczówka"
"leśniczówka","Leśniczówka"
"leśniczówka rządowa","Leśniczówka ?"
"leśnietwo","Leśnictwo"
"leśnietwo rządowe","Leśnictwo"
"leśnistwo","Leśnictwo"
"liman","nieokreślony"
"linia kolejowa","nieokreślony"
"lud","nie dotyczy"
"lud dawno wygasły","nie dotyczy"
"ludność","nie dotyczy"
"majątek chełmiński","Majątek chełmiński"
"majątek","Majętność: proboszczowska, prywatna"
"majątek poduchowny","Majętność: proboszczowska, prywatna"
"majątek prywatny","Majętność: proboszczowska, prywatna"
"majątek szlachecki","Majętność: proboszczowska, prywatna"
"majątek ziemski","Majętność: proboszczowska, prywatna"
"majątki","Majętność: proboszczowska, prywatna"
"majdan","Majdan"
"majętność","Majętność: proboszczowska, prywatna"
"majętność gburska","Majętność gburska"
"majętność prywatna","Majętność: proboszczowska, prywatna"
"majętność ziemska","Majętność: proboszczowska, prywatna"
"majorat","Majorat"
"majorat rządowy","Majorat ?"
"manaster","Monastyr"
"marchia","nie dotyczy"
"margrabstwo","nie dotyczy"
"mazury","nie dotyczy"
"miasteczko górnicze","Miasteczko górnicze"
"miasteczko","Miasteczko"
"miasteczko prywatne","Miasteczko"
"miasteczko rządowe","Miasteczko"
"miasto","Miasto"
"miejsce","nieokreślony"
"miejsce kąpielowe","Miejscowość kąpielowa"
"miejsce klimatyczne","nieokreślony"
"miejsce kultu","nieokreślony"
"miejsce leśne","nieokreślony"
"miejsce targowe","Targowisko"
"miejscowość fabryczna","Osada fabryczna"
"miejscowość historyczna","nieokreślony"
"miejscowość leśna","Osada leśna"
"miejscowość mała","Osada ?"
"miejscowość","Osada ?"
"miejscowość zaginiona","nieokreślony"
"mielizna","nie dotyczy"
"mierzeja","nie dotyczy"
"mieścina","Miasteczko ?"
"zaścianek mieszczański","nieokreślony"
"mieszkańcy","nie dotyczy"
"mlekarnia","nieokreślony"
"młyn dworski","Młyn szlachecki ?"
"młynek","Młyn"
"młyn folwarczny","Młyn ?"
"młynisko","Młyn ?"
"młyn","Młyn"
"młynówka","Młyn ?"
"młyn parowy","Młyn parowy"
"młyn szlachecki","Młyn szlachecki"
"młyn wodny","Młyn wodny"
"młyny","Młyn"
"młynyszcze","Młyn ?"
"młyny wodne","Młyn wodny"
"moczar","nie dotyczy"
"moczary","nie dotyczy"
"moczarzyste pastwisko","nie dotyczy"
"mogiła","nie dotyczy"
"mogiły","nieokreślony"
"monaster","Monastyr"
"monastyr","Monastyr"
"morze","nie dotyczy"
"most","nieokreślony"
"nadlesnictwo","Nadleśnictwo"
"nadleśnictwo królewskie","Nadleśnictwo"
"nadleśnictwo","Nadleśnictwo"
"nadleśniczówka","Nadleśniczówka"
"naród","nie dotyczy"
"nasyp","nie dotyczy"
"nasyp ziemny","nie dotyczy"
"nazwa","nie dotyczy"
"nazwa drzewa","nie dotyczy"
"nazwa geograficzna","nie dotyczy"
"nazwa historyczna rzeki","nie dotyczy"
"nazwa karczmy","nie dotyczy"
"nazwa leśna","nie dotyczy"
"nazwa ludności","nie dotyczy"
"nazwa miejscowa","nie dotyczy"
"nazwa miejscowości","nie dotyczy"
"nazwa niw","nie dotyczy"
"nazwa niwy","nie dotyczy"
"nazwa ogólna geo-topograficzna","nie dotyczy"
"nazwa ogólna ludu","nie dotyczy"
"nazwa osad","nie dotyczy"
"nazwa terenu","nie dotyczy"
"nazwa zabudowań","nie dotyczy"
"nazwa zbiorcza","nie dotyczy"
"nazwa zbiorowa","nie dotyczy"
"nazwa ziemi","nie dotyczy"
"nieokreślony","nie dotyczy"
"nieużytki","nie dotyczy"
"niwa","nie dotyczy"
"niwy","nie dotyczy"
"nizina","nie dotyczy"
"nizina zapadła","nie dotyczy"
"niziny","nie dotyczy"
"nomenklatura dóbr","Nomenklatura"
"nomenklatura","Nomenklatura"
"oberża","Oberża"
"obiekt","nieokreślony"
"obóz wojskowy","nieokreślony"
"obrąb leśny","nie dotyczy"
"obręb","nie dotyczy"
"obręb lasów","nie dotyczy"
"obręb leśny","nie dotyczy"
"obszar","nie dotyczy"
"obszar bagnisty","nie dotyczy"
"obszar błotny","nie dotyczy"
"obszar dworski","Obszar dworski"
"obszar geograficzny","nie dotyczy"
"obszar gminny","nieokreślony"
"obszar górski","nie dotyczy"
"obszar górzysty","nie dotyczy"
"obszar lasów","nie dotyczy"
"obszar lesisty","nie dotyczy"
"obszar leśny","nie dotyczy"
"obszar pagórkowaty","nie dotyczy"
"obszar wiejski","nieokreślony"
"odnoga górska","nie dotyczy"
"odnoga jeziora","nie dotyczy"
"odnoga","nie dotyczy"
"odnoga plemienia","nie dotyczy"
"odnoga rzeczna","nie dotyczy"
"odnoga rzeki","nie dotyczy"
"odnośniki","nie dotyczy"
"odnośnik","nie dotyczy"
"odpływ","nie dotyczy"
"odsyłacz","nie dotyczy"
"ogród","nie dotyczy"
"ogród szlachecki","nieokreślony"
"ogrody","nie dotyczy"
"okolica","Okolica"
"okolica","Okolica"
"okolica prywatna","Okolica prywatna"
"okolica szlach.","Okolica szlachecka"
"okolica szlachecka","Okolica szlachecka"
"okolica wiejska","Okolica prywatna ?"
"okolica włościańska","nieokreślony"
"okolice","Okolica"
"okolicę szlachecką","Okolica szlachecka"
"okolice szlacheckie","Okolica szlachecka"
"okop","nie dotyczy"
"okopisko przedhistoryczne","nieokreślony"
"okopy","nie dotyczy"
"okrąg","nieokreślony"
"okrąg administracyjny","nieokreślony"
"okrąg dominialny","Okręg dominialny"
"okrąg dominium","Okręg dominialny"
"okrąg dworski","nieokreślony"
"okrąg leśny","nieokreślony"
"okrąg miejski","nieokreślony"
"okrąg wiejski","Okręg wiejski"
"okr. domin.","Okręg dominialny"
"okręg","nieokreślony"
"okręg dominialny","Okręg dominialny"
"okręg dominialny","Okręg dominialny"
"okręg dominium","Okręg dominialny"
"okręg dominium","Okręg dominialny"
"okręg leśny","nieokreślony"
"okręg miejski","nieokreślony"
"okręg polny","nieokreślony"
"okręg szlachecki","nieokreślony"
"okręg wiejski","Okręg wiejski"
"oledry","Olędry (Holendry, Holędry)"
"olędry","Olędry (Holendry, Holędry)"
"olendry","Olędry (Holendry, Holędry)"
"opactwo","nieokreślony"
"ordynacja","nieokreślony"
"osada ałynacka","nieokreślony"
"osada dawna","nieokreślony"
"osada dom.","nieokreślony"
"osada dominialna","Osada dominialna"
"osada dominium","Osada dominialna"
"osada duchowna","Osada proboszczowska ?"
"osada dworska","Osada szlachecka"
"osada fabryczna","Osada fabryczna"
"osada folwarczna","nieokreślony"
"osada gburska","nieokreślony"
"osada górnicza","Osada górnicza"
"osada górska","Osada górska"
"osada gospodarcza","nieokreślony"
"osada holenderska","nieokreślony"
"osada hutnicza","Osada hutnicza"
"osada karczemna","Osada karczemna"
"osada karczemna szlachecka","Osada karczemna ?"
"osada karczm","Osada karczemna"
"osada karczm.","Osada karczemna"
"osada karczmarska","Osada karczemna"
"osada karczmna","Osada karczemna"
"osada karczmowa","Osada karczemna"
"osada karezowa","Osada karczemna"
"osada klasztorna","Osada klasztorna"
"osada kolonijna","nieokreślony"
"osada kościelna","Osada proboszczowska ?"
"osada leśna","Osada leśna"
"osada leśna i smol.","Osada leśna ?"
"osada leśnicza","Osada leśna ?"
"osada leśniczego","Osada leśna ?"
"osada mała","Osada"
"osada miejska","Osada miejska"
"osada mieszczańska","Osada miejska ?"
"osada młyn","Osada młyńska: rządowa ?"
"osada młyn.","Osada młyńska: rządowa ?"
"osada młynarska","Osada młyńska: rządowa ?"
"osada młynska","Osada młyńska: rządowa ?"
"osada młyńska (lub młynarska)","Osada młyńska: rządowa"
"osada młyńska","Osada młyńska: rządowa"
"osada nasiedliskowa","nieokreślony"
"osada ogrodnicza","nieokreślony"
"osada olęderska","nieokreślony"
"osada","Osada"
"osada pałacowa","nieokreślony"
"osada plebańska","Osada proboszczowska ?"
"osada poduchowna","Osada proboszczowska ?"
"osada pojedyncza","Osada pojedyncza"
"osada poleśna","nieokreślony"
"osada powiatowa","nieokreślony"
"osada probostwa","Osada proboszczowska"
"osada proboszcza","Osada proboszczowska"
"osada prywatna","nieokreślony"
"osada przemysłowa","Osada fabryczna ?"
"osada pustka","nieokreślony"
"osada rybacka","Osada rybacka"
"osada rządowa","Osada"
"osada strażnicza","Osada strażnicza przy drodze kolejowej ?"
"osada straży kanału augustowskiego","Osada straży kanału augustowskiego"
"osada straży pogranicznej","nieokreślony"
"osada szkolna","nieokreślony"
"osada szlachecka","Osada szlachecka"
"osada uroczyska","nieokreślony"
"osada użytkowa","nieokreślony"
"osada wiejska","nieokreślony"
"osada wiosenna","nieokreślony"
"osada wioska","nieokreślony"
"osada włościańska","Osada włościańska"
"osada wybierana","nieokreślony"
"osada żydowska","nieokreślony"
"osady leśne","Osada leśna"
"osiedle fabryczne","Osada fabryczna"
"osiedle leśne","Osada leśna"
"osiedle miejskie","Osada miejska ?"
"osiedle","nieokreślony"
"os. leś.","Osada leśna"
"ostrowie","nie dotyczy"
"ostrów lesisty","nie dotyczy"
"ostrów","nie dotyczy"
"owczarnia","nieokreślony"
"pagórek","nie dotyczy"
"pagórki","nie dotyczy"
"pałac","nieokreślony"
"pamiątka","nieokreślony"
"państwo","nie dotyczy"
"państwo historyczne","nie dotyczy"
"papiernia","nieokreślony"
"parafia","nieokreślony"
"parafia ewangelicka","Parafia"
"parafia katolicka","Parafia"
"parcela leśna","Parcele"
"parcele","Parcele"
"park","nie dotyczy"
"parów","nie dotyczy"
"pas","nie dotyczy"
"pasemko","nie dotyczy"
"pasieka","Pasieka"
"pas kraju","nie dotyczy"
"pasmo gór","nie dotyczy"
"pasmo górskie","nie dotyczy"
"pasmo górzyste","nie dotyczy"
"pasmo","nie dotyczy"
"pasmo pagórków","nie dotyczy"
"pasmo wyniosłości","nie dotyczy"
"pasmo wyżyn","nie dotyczy"
"pasmo wzgórz","nie dotyczy"
"pasmo wzgórzyste","nie dotyczy"
"pastorat","nieokreślony"
"pastwiska","nie dotyczy"
"pastwisko","nie dotyczy"
"piec do wypalania wapna","nieokreślony"
"piec wapienny","nieokreślony"
"piec wysoki żelazny","Piec żelazny"
"piła","nieokreślony"
"plac targowy","Targowisko ?"
"płaskowzgórze","nie dotyczy"
"plebania","Plebania"
"plebania prawosławna","Plebania"
"plebanka","Plebanka"
"plemię","nie dotyczy"
"pobór rycerski","nieokreślony"
"poczta","Stacja pocztowa ?"
"podleśnictwo","Podleśnictwo królewskie ?"
"podleśnictwo królewskie","Podleśnictwo królewskie"
"podleśniczówka","nieokreślony"
"podziemna pieczara","nie dotyczy"
"pogost","Pogost (Pohost)"
"pohost","Pogost (Pohost)"
"pojęcie","nie dotyczy"
"pokład węglowy","nie dotyczy"
"polana","nie dotyczy"
"pola","nie dotyczy"
"polanka","nie dotyczy"
"polany","nie dotyczy"
"pole","nie dotyczy"
"pole orne","nie dotyczy"
"pole wsi","nie dotyczy"
"pole z cmentarzyskiem","nie dotyczy"
"połonina","nie dotyczy"
"połoniny","nie dotyczy"
"półwysep","nie dotyczy"
"porog","nie dotyczy"
"poróg","nie dotyczy"
"poroh","nie dotyczy"
"port","Port czyli binduga"
"posiadłość duchowna","Posiadłość duchowna"
"posiadłość gburska","Posiadłość gburska"
"posiadłość kościelna","Posiadłość duchowna"
"posiadłość młyna","nieokreślony"
"posiadłość poklasztorna","Posiadłość duchowna ?"
"posiadłość","Posiadłość"
"posiadłość prywatna","Posiadłość"
"posiadłość rolna","Posiadłość"
"posiadłość rycerska","Posiadłość"
"posiadłość rządowa","Posiadłość"
"posiadłość szlachecka","Posiadłość"
"posiadłość wiejska","Posiadłość"
"posiadłość włościańska","Posiadłość"
"posiadłość ziemska","Posiadłość"
"posiadłość z młynem","Posiadłość"
"posterunek","nieokreślony"
"posterunek pogranicznej straży","Posterunek straży granicznej"
"posterunek pograniczny","Posterunek straży granicznej ?"
"posterunek straży granicznej","Posterunek straży granicznej"
"posterunek straży pogranicznej","Posterunek straży granicznej"
"posterunek straży skarbowej","nieokreślony"
"potażarnia","Potażarnia"
"potoczek","nie dotyczy"
"potok górski","nie dotyczy"
"potoki","nie dotyczy"
"potok","nie dotyczy"
"powiat","nieokreślony"
"probostwo","Probostwo"
"próg","nie dotyczy"
"próg rzeczny","nie dotyczy"
"prowincja","nie dotyczy"
"przedmieścia","Przedmieście"
"przedmieście miasta","Przedmieście"
"przedmieście","Przedmieście"
"przełęcz","nie dotyczy"
"przemieście","Przedmieście ?"
"przesmyk","nie dotyczy"
"przesmyk górski","nie dotyczy"
"przeszkoda żeglugi","nieokreślony"
"przewóz","Przewóz"
"przykomórek celny","Komora celna ?"
"przylądek","nie dotyczy"
"przyległość dóbr prywatnych","Przyległość"
"przyległość dóbr","Przyległość"
"przyległość","Przyległość"
"przyległość wsi","Przyległość"
"przynależnośc dóbr","nieokreślony"
"przynależność","nieokreślony"
"przynależność zakładu","nieokreślony"
"przysiołek","Przysiółek (przysiołek)"
"przysiółek","Przysiółek (przysiołek)"
"przystanek drogi żelaznej","Przystanek drogi żelaznej"
"przystanek kolejowy","Przystanek drogi żelaznej"
"przystanek","Przystanek"
"przystanek stacji drogi żelaznej","Przystanek drogi żelaznej"
"przystań leśna","Przystań"
"przystań","Przystań"
"pstrągarnia","nieokreślony"
"pudlingarnia","nieokreślony"
"punkt triangulacyjny","nie dotyczy"
"punkt trygonometryczny","nie dotyczy"
"pusta","Pusta"
"pustelnia","Pustelnia"
"pustk.","Pustka"
"pustka","Pustka"
"pustki","Pustka"
"pustkowie","Pustka"
"puszcza leśna","nie dotyczy"
"puszcza","nie dotyczy"
"rafa","nie dotyczy"
"rafinerya cukru","nieokreślony"
"ramię rzeki","nie dotyczy"
"rapa","nie dotyczy"
"region","nie dotyczy"
"region geograficzny","nie dotyczy"
"region górski","nie dotyczy"
"region historyczno-geograficzny","nie dotyczy"
"rezydencja","nieokreślony"
"ród","nie dotyczy"
"rogatka celna","Rogatka ?"
"rogatka szosowa","Rogatka szosowa"
"rogatki","Rogatka"
"rola","nie dotyczy"
"role","nie dotyczy"
"role plebańskie","nieokreślony"
"rów","nie dotyczy"
"równina","nie dotyczy"
"ruczaj","nie dotyczy"
"ruda","nieokreślony"
"rudnia","nieokreślony"
"rudnik","nieokreślony"
"ruina","Ruiny"
"ruina zamku","Ruiny"
"ruiny opactwa","Ruiny"
"ruiny zamczyska","Ruiny"
"ruiny zamków","Ruiny"
"ruiny zamku","Ruiny"
"rum.","Rumunek"
"rumowisko","Ruiny ?"
"rumsztyn","nieokreślony"
"rumunek","Rumunek"
"rumunki","Rumunek"
"rzeczka","nie dotyczy"
"rzeczułka","nie dotyczy"
"rzeka","nie dotyczy"
"rzka","nie dotyczy"
"sad","nie dotyczy"
"sadzawka","nie dotyczy"
"schronisko","nieokreślony"
"ściana doliny","nie dotyczy"
"seminaryum","nieokreślony"
"sioło","Sioło"
"sianożęć","nieokreślony"
"siedlisko","Siedliszcze"
"siedziba szlachecka niegrodowa","nieokreślony"
"sieliszcze","Siedliszcze"
"siołek","Sioło ?"
"sioło rządowe","Sioło"
"sioło","Sioło"
"skala","nie dotyczy"
"skała","nie dotyczy"
"skały","nie dotyczy"
"skały podwodne","nie dotyczy"
"sloboda","Słoboda (swoboda)"
"słoboda","Słoboda (swoboda)"
"słoboda wiejska","Słoboda (swoboda)"
"słobodka","Słoboda (swoboda)"
"słobódka głuszkowiecka","Słoboda (swoboda)"
"słobódka","Słoboda (swoboda)"
"słuboda","Słoboda (swoboda)"
"smolarnia","Smolarnia"
"sołectwo","nieokreślony"
"sołtysostwo","nieokreślony"
"soltystwo","nieokreślony"
"sołtystwo","nieokreślony"
"sołtystwo rycerskie","nieokreślony"
"sstwo","nie dotyczy"
"sstwo niegrodowe","nie dotyczy"
"stacja na szosie","nieokreślony"
"stacja drogi żelaznej","Stacja drogi żelaznej"
"stacja kąpielowa","nieokreślony"
"stacja klimatyczna","nieokreślony"
"stacja drogi żelaznej","Stacja drogi żelaznej"
"stacja kolei żelaznej","Stacja drogi żelaznej"
"stacja kolei","Stacja drogi żelaznej"
"stacja pocztowa","Stacja pocztowa"
"stacja telegraficzna","Stacja telegraficzna"
"stadnina","Zakład stadniczy [stadnina] ?"
"stadnina fiskalna","Zakład stadniczy [stadnina]"
"stajnie","nieokreślony"
"stanica kozacka","nieokreślony"
"stanica","nieokreślony"
"stannica","nieokreślony"
"stanowisko","nie dotyczy"
"stara kolonia","Kolonia ?"
"stare lasy","nie dotyczy"
"stare pole","nie dotyczy"
"stare pole pruskie","nie dotyczy"
"stare terytorium","nieokreślony"
"stare terytoryum pruskie","nie dotyczy"
"starostwo","nie dotyczy"
"starostwo niegrodowe","nie dotyczy"
"stawki","nie dotyczy"
"staw","nie dotyczy"
"staw polny","nie dotyczy"
"stawy","nie dotyczy"
"st. dr. żel.","Stacja drogi żelaznej"
"step","nie dotyczy"
"stepy","nie dotyczy"
"stok","nie dotyczy"
"straż w leśnictwie","Straż leśna ?"
"straż leśna","Straż leśna"
"straż przy kolei","nieokreślony"
"strefa rolnicza","nie dotyczy"
"struga","nie dotyczy"
"struga wodna","nie dotyczy"
"strugi","nie dotyczy"
"strumień górski","nie dotyczy"
"strumień","nie dotyczy"
"strumyk","nie dotyczy"
"strużka","nie dotyczy"
"strzelnica","nieokreślony"
"stworzenie","nie dotyczy"
"szaniec","nieokreślony"
"szczep","nie dotyczy"
"szczyt górski","nie dotyczy"
"szczyt góry","nie dotyczy"
"szczyt","nie dotyczy"
"szczyt tatrzański","nie dotyczy"
"szczyty","nie dotyczy"
"szereg kurhanów","nieokreślony"
"szkoła","nie dotyczy"
"szkoła rolnicza","nieokreślony"
"szlak","nie dotyczy"
"szpital rządowy","nieokreślony"
"szyb","nie dotyczy"
"targowiska","Targowisko"
"targowisko","Targowisko"
"tartak","Tracz (tartak)"
"teren","nie dotyczy"
"teren podmokły","nie dotyczy"
"terma","nieokreślony"
"terma skarbowa","nieokreślony"
"terpentyniarnia","nieokreślony"
"terytorium","nie dotyczy"
"terytoryum","nie dotyczy"
"toń","nie dotyczy"
"toń jeziora","nie dotyczy"
"torfiaste błoto","nie dotyczy"
"torfiska","nie dotyczy"
"torfowisko","nie dotyczy"
"tracz","Tracz (tartak)"
"trakt","nie dotyczy"
"trzęsawisko","nie dotyczy"
"trzęsawisko błotne","nie dotyczy"
"tunel","nie dotyczy"
"turnia","nie dotyczy"
"turnie","nie dotyczy"
"twierdza","nieokreślony"
"ucząstek","nieokreślony"
"ujście","nie dotyczy"
"ujście rzeki","nie dotyczy"
"ulica","nieokreślony"
"ureczysko","Uroczysko"
"uroczyska","Uroczysko"
"uroczysko leśne","Uroczysko"
"uroczysko","Uroczysko"
"uroczysko osiadłe","Uroczysko zamieszkałe (osiadłe, zasiedlone)"
"uroczyszcze","Uroczysko"
"urwisko","nie dotyczy"
"nazwa urzędu","nie dotyczy"
"uzdrowisko","nieokreślony"
"wądoły","nie dotyczy"
"wał","nieokreślony"
"walcownia żelazna","nieokreślony"
"wapiarnia","nieokreślony"
"wapniarka","nieokreślony"
"warownia","nieokreślony"
"warownia leśna","nieokreślony"
"warownia litewska","Forteca"
"warownia turecka","Warownia turecka"
"wąwóz","nie dotyczy"
"wiatrak","Wiatrak"
"wieczysta dzierżawa","nie dotyczy"
"wiejskie zabudowania","nieokreślony"
"wielka mogiła","nieokreślony"
"wielka pasieka","nieokreślony"
"wielkie błoto","nie dotyczy"
"wielki piec","nieokreślony"
"wierch","nie dotyczy"
"wierzchołek","nie dotyczy"
"wierzchołki","nie dotyczy"
"wieś cerkiewna","Wieś cerkiewna"
"wieś chełmińska","Wieś chełmińska"
"wieś dominialna","nieokreślony"
"wieś dworska","nieokreślony"
"wieś folwarczna","Wieś"
"wieś gospodarcza","nieokreślony"
"wieś karczemna","Wieś"
"wieś kolonialna","nieokreślony"
"wieś kolonijna","nieokreślony"
"wieś koronna","Wieś koronna"
"wieś kościelna parafialna","Wieś kościelna"
"wieś kościelna","Wieś kościelna"
"wieś miejska","nieokreślony"
"wieś parafialna","Wieś parafialna katolicka"
"wieś poduchowna","Wieś poduchowna"
"wieś poradziwiłłowska","nieokreślony"
"wieś prywatna","Wieś prywatna"
"wieś rycerska","Wieś rycerska"
"wieś rządowa","Wieś"
"wieś szlachecka","Wieś szlachecka"
"wieś targowa","nieokreślony"
"wieś","Wieś"
"wieś włościańska","Wieś włościańska"
"willa","Willa z ogrodem ?"
"wille","Willa z ogrodem ?"
"winnica","Winnica"
"wioska","Wieś"
"wir","nie dotyczy"
"własności ziemskie","nieokreślony"
"własność rządowa","nieokreślony"
"własność ziemska","nieokreślony"
"włość","nieokreślony"
"włościańska osada","Osada włościańska"
"włościańska wieś","Wieś włościańska"
"włość zamkowa","nieokreślony"
"woda lecznicza","nie dotyczy"
"wodociek","nie dotyczy"
"wodościek","nie dotyczy"
"wodospad","nie dotyczy"
"województwo","nieokreślony"
"wójtostwo","nieokreślony"
"wójtowstwo","nieokreślony"
"wola","Wólka"
"wolka","Wólka"
"wólka","Wólka"
"wólki","Wólka"
"wolne sołectwo","Wolne sołtystwo ?"
"wybrzeże","nie dotyczy"
"wybudowania","Wybudowanie"
"wybudowanie gburskie","Wybudowanie gburskie"
"wybudowanie leśne","Wybudowanie ?"
"wybudowanie rybackie","Wybudowanie"
"wybudowanie","Wybudowanie"
"wygon","nieokreślony"
"wylęgarnia pstrągów","nieokreślony"
"wyniosłość","nie dotyczy"
"wysepka","nie dotyczy"
"wysepki","nie dotyczy"
"wysoki piec","nieokreślony"
"wyspa","nie dotyczy"
"wyżyna","nie dotyczy"
"wzgórza","nie dotyczy"
"wzgórze","nie dotyczy"
"wzgórze polne","nie dotyczy"
"wzniesienie","nie dotyczy"
"zabudowania dworskie","nieokreślony"
"zabudowania gospodarskie","Zabudowania wiejskie"
"zabudowania wiejskie","Zabudowania wiejskie"
"zabudowania wieśniacze","Zabudowania wiejskie"
"zabudowania włościańskie","Zabudowania wiejskie"
"zabudowania","Zabudowania wiejskie"
"zabudowanie wiejskie","Zabudowania wiejskie"
"zagroda","Zagroda"
"zagroda leśna","Zagroda ?"
"zagroda wiejska","Zagroda włościańska ?"
"zagroda włośc.","Zagroda włościańska"
"zakład fabryczny","Zakład fabryczny"
"zakład hutniczy","Zakład fabryczny ?"
"zakład kąpielowy","Zakład kapielowy"
"zakład karny","nieokreślony"
"zakład kuracyjny","Zakład kapielowy ?"
"zakład leczniczy","nieokreślony"
"zakład mleczny","Zakład mleczny"
"zakład","nieokreślony"
"zakład przemysłowy","Zakład fabryczny ?"
"zakład stadniczy","Zakład stadniczy [stadnina]"
"zakłady fabryczne","Zakład fabryczny"
"zakłady górnicze","Zakład fabryczny ?"
"zakłady hutnicze","Zakład fabryczny ?"
"zakłady żelazne","Zakład fabryczny ?"
"zakład zdrojowo-kąpielowy","Zakład kąpielowy"
"zamczysko","Zamek"
"zameczek","Zamek"
"zamek","Zamek"
"zapora","nie dotyczy"
"zarząd dóbr","nieokreślony"
"zaścianek dóbr","Zaścianek ?"
"zaścianek donacyjny","Zaścianek ?"
"zaścianek dziedziczny","Zaścianek"
"zaścianek mieszczański","Zaścianek ?"
"zaścianek poduchowny","Zaścianek ?"
"zaścianek pryw.","Zaścianek prywatny"
"zaścianek prywatny","Zaścianek prywatny"
"zaścianek rządowy","Zaścianek"
"zaścianek szlach.","Zaścianek szlachecki"
"zaścianek szlachecki","Zaścianek szlachecki"
"zaścianek włościański","Zaścianek włościański"
"zaścianek","Zaścianek"
"zaścianek żydowski","Zaścianek ?"
"zaścianki","Zaścianek"
"zatoka jeziorna","nie dotyczy"
"zatoka","nie dotyczy"
"zbiorcze","nie dotyczy"
"zbiornik wodny","nie dotyczy"
"zbiorowa nazwa miejscowości","nie dotyczy"
"zbiorowisko wodne","nie dotyczy"
"zbocze","nie dotyczy"
"zdrój","nieokreślony"
"zdrojowisko","nieokreślony"
"zdrojowisko lecznicze","nieokreślony"
"zdrój siarczany","nieokreślony"
"ziemia","nie dotyczy"
"ziemia rządowa","nieokreślony"
"znak triangulacyjny","nieokreślony"
"źródła","nie dotyczy"
"źródło","nie dotyczy"
"zwierzyniec","nieokreślony"
